<?xml version="1.0" encoding="UTF-8"?>
<Configuration status="WARN">
	<Properties>
		<Property name="log-path">logs</Property>
	</Properties>
	<Appenders>
		<Console name="Console" target="SYSTEM_OUT">
			<PatternLayout pattern="%d{HH:mm:ss.SSS} [%t] %-5level %logger{36} - %msg%n"/>
		</Console>
		<RollingFile name="FILE" filePattern="${log-path}/%d{yyyy-MM-dd}/createRosettaLogStructMap-%d{yyyy-MM-dd_HH-mm-ss}.log" append="true">
			<PatternLayout>
				<Pattern>[%t] %d{MM/dd/yy HH:mm:ss.SSS} %p :%m%n</Pattern>
			</PatternLayout>
			<Policies>
				<!-- Add any other policies you need -->
			</Policies>
		</RollingFile>
	</Appenders>
	<Loggers>
		<Logger name="CreateRosettaLogStructMap" level="trace" additivity="false">
			<AppenderRef ref="FILE" level="info"/>
			<AppenderRef ref="Console" level="info"/>
		</Logger>
		<Root level="trace">
			<AppenderRef ref="Console" level="info"/>
			<AppenderRef ref="FILE" level="info"/>
		</Root>
	</Loggers>
</Configuration> 