<?xml version="1.0" encoding="UTF-8"?>
<Configuration status="WARN">
<Properties>
    <Property name="log-path">logs</Property>
</Properties>
<Appenders>
    <Console name="Console" target="SYSTEM_OUT">
        <PatternLayout pattern="%d{HH:mm:ss.SSS} [%t] %-5level %logger{36} - %msg%n"/>
    </Console>

<!--     <RollingFile name="FILE" filename="logs/createRosettaCSV.log"
        filepattern="${log-path}/$${date:yyyy-MM}/createRosettaCSV-%d{MM-dd-yyyy}-%i.log.gz">
        <PatternLayout pattern="%d %p %c{1.} [%t] %m%n" />
        <Policies>
            <SizeBasedTriggeringPolicy size="10MB" />
            <TimeBasedTriggeringPolicy/>
        </Policies>
        <DefaultRolloverStrategy max="20" />
    </RollingFile> -->




<RollingFile name="FILE" filePattern="${log-path}/createRosettaLogStructMap-%d{yyyy-MM-dd_HH-mm-ss}.log" append="true">
  <PatternLayout>
    <Pattern>[%t] %d{MM/dd/yy HH:mm:ss.SSS} %p :%m%n</Pattern>
  </PatternLayout>
  <Policies>
  
    <SizeBasedTriggeringPolicy size="10 MB"/>
  </Policies>
  <DirectWriteRolloverStrategy maxFiles="10"/>
 </RollingFile>

 
  </Appenders>
  <Loggers>
        <Logger name="CreateRosettaLogStructMap" level="trace" additivity="false">
        <AppenderRef ref="FILE" level="info"/> 
        <AppenderRef ref="Console" level="info"/>
    </Logger>
    <Root level="trace">
        <AppenderRef ref="Console" level="info"/>
        <AppenderRef ref="FILE" level="info"/>
    </Root>
    
    </Loggers>
</Configuration>


<!-- <Configuration>
  <Appenders>
    <File name="FILEOUT" fileName="logs/createRosettaCSV.log" append="false">
      <PatternLayout>
        <Pattern>%d{yyyyMMdd HH:mm:ss} %-5p [%t] %C{2} %F%L - %m%n</Pattern>
      </PatternLayout>
    </File>

    <Console name="STDOUT" target="SYSTEM_OUT">
      <PatternLayout pattern="%d %-5p %F:%L - %m%n"/>
    </Console>
  </Appenders>

  <Loggers>
    <Root level="debug">
      <AppenderRef ref="FILEOUT" level="debug"/>
      <AppenderRef ref="STDOUT" level="info"/>
    </Root>
  </Loggers>
</Configuration> -->